frame,metric,arm,baseline,n,arm_value,baseline_value,median_diff,mean_diff,p_raw,p_holm
WLI,dice,early_fusion_wli,wli_only,77,0.6322201220204011,0.719249764734313,-0.07069776455561327,-0.08702964271391199,1.6972281870830941e-09,1.3577825496664753e-08
WLI,dice,mmd_fusion_w1.0,wli_only,77,0.6952727363163203,0.719249764734313,-0.010426878929138184,-0.02397702841799269,0.012756437381295983,0.08929506166907189
WLI,dice,mid_fusion,wli_only,77,0.7203737433392674,0.719249764734313,0.00891815622647596,0.0011239786049543278,0.27610244076214174,1.0
WLI,dice,mmd_fusion,wli_only,77,0.7189002043825412,0.719249764734313,0.007754623889923096,-0.00034956035177176597,0.9010002035054632,1.0
WLI,dice,mid_fusion_wide,wli_only,77,0.7181962576912893,0.719249764734313,0.005430241425832039,-0.0010535070430238208,0.7471351760965965,1.0
WLI,dice,mmd_fusion_w1e-4,wli_only,77,0.7115082390110989,0.719249764734313,0.005033026138941521,-0.007741525723214147,0.5043334687212768,1.0
WLI,dice,mmd_fusion_w0.01,wli_only,77,0.7105397198565196,0.719249764734313,0.004269142945607429,-0.008710044877793345,0.7898025539486775,1.0
WLI,dice,ours,wli_only,77,0.716482525683844,0.719249764734313,0.0019192099571228027,-0.0027672390504690286,0.7664422172209981,1.0
WLI,bf1,early_fusion_wli,wli_only,77,0.07738046909702145,0.13764793956740917,-0.05603936188018664,-0.06026747047038771,2.1620289689734664e-11,1.729623175178773e-10
WLI,bf1,mmd_fusion_w1.0,wli_only,77,0.12074549122975713,0.13764793956740917,-0.01649189697695691,-0.016902448337652067,0.009126488461799663,0.05475893077079798
WLI,bf1,mmd_fusion_w0.01,wli_only,77,0.12112293829245435,0.13764793956740917,-0.00954421156475535,-0.01652500127495486,0.004221037674946783,0.02954726372462748
WLI,bf1,mid_fusion_wide,wli_only,77,0.13106370527151096,0.13764793956740917,-0.007477058815843457,-0.006584234295898232,0.2851567348494145,1.0
WLI,bf1,mmd_fusion_w1e-4,wli_only,77,0.12983629374734557,0.13764793956740917,-0.006369849200476729,-0.007811645820063574,0.1184480083551203,0.5922400417756015
WLI,bf1,mid_fusion,wli_only,77,0.13492848635114016,0.13764793956740917,-0.004813468299745383,-0.0027194532162690063,0.8529721346036876,1.0
WLI,bf1,ours,wli_only,77,0.14299855084457527,0.13764793956740917,0.002217944817773286,0.005350611277166075,0.37287796293560616,1.0
WLI,bf1,mmd_fusion,wli_only,77,0.13831738486268558,0.13764793956740917,0.0011965823718502015,0.0006694452952764109,0.7780973176534878,1.0
WLI,bf2,early_fusion_wli,wli_only,77,0.11784342301642872,0.19850329782332626,-0.06229881305835186,-0.08065987480689758,2.4836360182320282e-11,1.9869088145856225e-10
WLI,bf2,mmd_fusion_w1.0,wli_only,77,0.17444141609240968,0.19850329782332626,-0.017563604572448988,-0.024061881730916557,0.0019700134850048046,0.011820080910028827
WLI,bf2,mmd_fusion_w0.01,wli_only,77,0.17480378832141058,0.19850329782332626,-0.014912525107013574,-0.023699509501915676,0.0006880762317688164,0.004816533622381715
WLI,bf2,mid_fusion_wide,wli_only,77,0.18678430934279838,0.19850329782332626,-0.007398981808989069,-0.01171898848052788,0.21444300030975028,0.8577720012390011
WLI,bf2,mid_fusion,wli_only,77,0.1950207800707288,0.19850329782332626,-0.0060743315951239385,-0.0034825177525974883,0.7241754399330793,1.0
WLI,bf2,mmd_fusion_w1e-4,wli_only,77,0.18724053824507686,0.19850329782332626,-0.005891282177466303,-0.011262759578249413,0.053992253157508115,0.2699612657875406
WLI,bf2,mmd_fusion,wli_only,77,0.19927700268289886,0.19850329782332626,-0.004385013870933457,0.0007737048595725853,0.5644174898376426,1.0
WLI,bf2,ours,wli_only,77,0.20260402146308512,0.19850329782332626,0.0035449744472015876,0.004100723639758886,0.5108389187621677,1.0
WLI,bf3,early_fusion_wli,wli_only,77,0.15709858149392625,0.25045545387654783,-0.07415221050129164,-0.09335687238262158,4.307627171068443e-11,3.4461017368547545e-10
WLI,bf3,mmd_fusion_w1.0,wli_only,77,0.22422675474838508,0.25045545387654783,-0.01760793325932239,-0.026228699128162752,0.003420731648683092,0.020524389892098552
WLI,bf3,mmd_fusion_w0.01,wli_only,77,0.22559690952626396,0.25045545387654783,-0.016876317282417674,-0.024858544350283836,0.0019036198992566403,0.013325339294796483
WLI,bf3,mid_fusion_wide,wli_only,77,0.23818482796070092,0.25045545387654783,-0.012483389194092781,-0.01227062591584686,0.23378472770756664,0.9351389108302666
WLI,bf3,mmd_fusion_w1e-4,wli_only,77,0.23822893989906924,0.25045545387654783,-0.012390280406705922,-0.012226513977478514,0.052121228975260454,0.2606061448763023
WLI,bf3,mmd_fusion,wli_only,77,0.2515725174386112,0.25045545387654783,-0.007435352779409099,0.0011170635620633797,0.5644174898376426,1.0
WLI,bf3,mid_fusion,wli_only,77,0.24827611350552684,0.25045545387654783,-0.00495543231621462,-0.0021793403710210183,0.7127864754923625,1.0
WLI,bf3,ours,wli_only,77,0.25487371495715266,0.25045545387654783,0.003503788514431394,0.004418261080604898,0.664198814407005,1.0
WLI,bf5,early_fusion_wli,wli_only,77,0.2243007436003281,0.3299915591403978,-0.09730605353367092,-0.10569081554006962,1.0052849693812258e-10,8.042279755049806e-10
WLI,bf5,mmd_fusion_w1.0,wli_only,77,0.30372972299606804,0.3299915591403978,-0.020943695073939922,-0.026261836144329757,0.01389243370556103,0.09319610336210474
WLI,bf5,mmd_fusion_w0.01,wli_only,77,0.3051701104563164,0.3299915591403978,-0.016743990216926186,-0.02482144868408125,0.013313729051729247,0.09319610336210474
WLI,bf5,mid_fusion_wide,wli_only,77,0.31650604905967034,0.3299915591403978,-0.012920769712737923,-0.013485510080727351,0.2991108627986423,1.0
WLI,bf5,mmd_fusion,wli_only,77,0.3332529784737307,0.3299915591403978,-0.011757442678128227,0.0032614193333330038,0.8015554145388777,1.0
WLI,bf5,mmd_fusion_w1e-4,wli_only,77,0.3169698998462308,0.3299915591403978,-0.009744404356819322,-0.013021659294166913,0.13750168567906754,0.6875084283953377
WLI,bf5,ours,wli_only,77,0.33465367101589544,0.3299915591403978,-0.004816374489950814,0.004662111875497611,0.7165758339374655,1.0
WLI,bf5,mid_fusion,wli_only,77,0.3291360574893261,0.3299915591403978,-0.002904141341489086,-0.0008555016510716542,0.9413101536294678,1.0
WLI,nsd3,early_fusion_wli,wli_only,77,0.15645226524009015,0.24963024675684728,-0.07505023736546418,-0.09317798151675727,3.629153902445509e-11,2.9033231219564074e-10
WLI,nsd3,mmd_fusion_w1.0,wli_only,77,0.22378101991656438,0.24963024675684728,-0.017131977300020917,-0.025849226840282995,0.003895032594638753,0.023370195567832517
WLI,nsd3,mmd_fusion_w0.01,wli_only,77,0.224936217482219,0.24963024675684728,-0.015624330662992736,-0.024694029274628312,0.001807875297904099,0.012655127085328692
WLI,nsd3,mid_fusion_wide,wli_only,77,0.23729034954162945,0.24963024675684728,-0.013427549994337179,-0.01233989721521786,0.23378472770756664,0.9351389108302666
WLI,nsd3,mmd_fusion_w1e-4,wli_only,77,0.23756439669939397,0.24963024675684728,-0.011355327092723466,-0.012065850057453333,0.05273878518447914,0.2636939259223957
WLI,nsd3,mmd_fusion,wli_only,77,0.2508662221601061,0.24963024675684728,-0.008018568046880808,0.001235975403258769,0.5886797492620545,1.0
WLI,nsd3,mid_fusion,wli_only,77,0.24764306927924734,0.24963024675684728,-0.004057920368152335,-0.001987177477599977,0.7318023278364505,1.0
WLI,nsd3,ours,wli_only,77,0.25399166620234803,0.24963024675684728,0.0033475427291985715,0.004361419445500646,0.6678897781868288,1.0
WLI,hd95,early_fusion_wli,wli_only,77,78.28078542353241,64.89996317810538,10.748713519010337,13.380822245427042,2.021221584254723e-05,0.0001414855108978306
WLI,hd95,mmd_fusion_w1.0,wli_only,77,77.89298568826612,64.89996317810538,8.127667845042765,12.993022510160772,1.5010066419102723e-05,0.00012008053135282178
WLI,hd95,mmd_fusion,wli_only,77,74.5220178038758,64.89996317810538,5.1282539798959235,9.622054625770442,0.0005498515537486426,0.003299109322491856
WLI,hd95,mmd_fusion_w1e-4,wli_only,77,65.69328144996875,64.89996317810538,1.7414991733012002,0.7933182718633969,0.6495169929292675,1.0
WLI,hd95,mid_fusion,wli_only,77,64.78691003712002,64.89996317810538,1.0157639230975875,-0.11305314098531667,0.6902018473176867,1.0
WLI,hd95,mmd_fusion_w0.01,wli_only,77,65.6521826893068,64.89996317810538,0.8426958502260078,0.7522195112014476,0.7241754399330793,1.0
WLI,hd95,mid_fusion_wide,wli_only,77,63.74803770653382,64.89996317810538,0.332204258757578,-1.1519254715715257,0.9493935715989974,1.0
WLI,hd95,ours,wli_only,77,64.6184238409507,64.89996317810538,-0.3064557805175241,-0.28153933715464924,0.9817710398071814,1.0
WLI,residual_area_frac,early_fusion_wli,wli_only,77,0.2568270857089587,0.20063335145962005,0.038467620620256104,0.05619373424933855,5.137546610267333e-05,0.00041100372882138666
WLI,residual_area_frac,mid_fusion,wli_only,77,0.1995561679746386,0.20063335145962005,-0.010425428035721718,-0.0010771834849814489,0.6458674257060324,1.0
WLI,residual_area_frac,mmd_fusion_w1e-4,wli_only,77,0.19293524210209148,0.20063335145962005,-0.009318856540898847,-0.0076981093575285275,0.11725533902742412,0.8207873731919688
WLI,residual_area_frac,ours,wli_only,77,0.20469414610602982,0.20063335145962005,-0.004133637796028484,0.0040607946464097855,0.7394558063060421,1.0
WLI,residual_area_frac,mid_fusion_wide,wli_only,77,0.1932212929829954,0.20063335145962005,-0.0040184261568301325,-0.007412058476624652,0.3258585756233551,1.0
WLI,residual_area_frac,mmd_fusion,wli_only,77,0.21358181694529713,0.20063335145962005,-0.0029592684954280832,0.012948465485677123,0.537292614167187,1.0
WLI,residual_area_frac,mmd_fusion_w0.01,wli_only,77,0.19833678085978929,0.20063335145962005,0.002487350391120767,-0.0022965705998307826,0.8969814827087244,1.0
WLI,residual_area_frac,mmd_fusion_w1.0,wli_only,77,0.21052284865139936,0.20063335145962005,-0.0015178859837110892,0.009889497191779345,0.620562687503724,1.0
WLI,over_area_ratio,early_fusion_wli,wli_only,77,0.9260443776096041,0.6787298545596067,0.13578996659543136,0.24731452304999754,0.0002165062933998342,0.0017320503471986736
WLI,over_area_ratio,mmd_fusion_w1e-4,wli_only,77,0.7635342974885204,0.6787298545596067,0.025343114288491203,0.08480444292891401,0.1743931193622934,1.0
WLI,over_area_ratio,mmd_fusion_w1.0,wli_only,77,0.7700250724651388,0.6787298545596067,0.02396495639470675,0.09129521790553217,0.04199945737913927,0.2939962016539749
WLI,over_area_ratio,mid_fusion,wli_only,77,0.6760972537462636,0.6787298545596067,-0.022460565268026235,-0.002632600813342772,0.3062560300279342,1.0
WLI,over_area_ratio,ours,wli_only,77,0.6925424844507098,0.6787298545596067,-0.01304298744987405,0.01381262989110322,0.20887204069797738,1.0
WLI,over_area_ratio,mid_fusion_wide,wli_only,77,0.6972296620989465,0.6787298545596067,-0.004525656358255352,0.018499807539340076,0.9493935715989974,1.0
WLI,over_area_ratio,mmd_fusion_w0.01,wli_only,77,0.6817703448953063,0.6787298545596067,0.0010264033411198662,0.0030404903356997222,0.8331097629638085,1.0
WLI,over_area_ratio,mmd_fusion,wli_only,77,0.6717207642743418,0.6787298545596067,-0.0009368869450953818,-0.007009090285264669,0.5713002663696997,1.0
WLI,residual_px,early_fusion_wli,wli_only,77,44.11412921917315,37.49897272105512,3.87000668748166,6.615156498118042,0.0035920621242322907,0.028736496993858326
WLI,residual_px,mmd_fusion_w1e-4,wli_only,77,37.07063563982543,37.49897272105512,-1.334425215975731,-0.42833708122968017,0.17600932779664014,1.0
WLI,residual_px,mmd_fusion_w1.0,wli_only,77,38.9683099333262,37.49897272105512,-1.2736394393159856,1.4693372122710906,0.5644174898376426,1.0
WLI,residual_px,mid_fusion,wli_only,77,38.18924984119402,37.49897272105512,-1.238573985427692,0.6902771201389054,0.6864637689507684,1.0
WLI,residual_px,mid_fusion_wide,wli_only,77,38.130969398371356,37.49897272105512,-0.824709699278241,0.6319966773162443,0.8689300686591552,1.0
WLI,residual_px,mmd_fusion,wli_only,77,39.89157206500139,37.49897272105512,0.5785339298621821,2.392599343946287,0.24596689644633707,1.0
WLI,residual_px,mmd_fusion_w0.01,wli_only,77,38.47277106175462,37.49897272105512,-0.03884140528134594,0.9737983406995128,0.547387273832405,1.0
WLI,residual_px,ours,wli_only,77,38.63414470332864,37.49897272105512,-0.03581930119236176,1.1351719822735227,0.7937150075329669,1.0
WLI,dice,ours,early_fusion_wli,77,0.716482525683844,0.6322201220204011,0.07839179535706836,0.08426240366344298,3.2630063622585457e-09,1.6315031811292727e-08
WLI,bf1,ours,early_fusion_wli,77,0.14299855084457527,0.07738046909702145,0.05248420091975898,0.06561808174755378,9.399338050967691e-11,8.459404245870922e-10
WLI,bf2,ours,early_fusion_wli,77,0.20260402146308512,0.11784342301642872,0.06938515966563363,0.08476059844665645,7.67818237433678e-11,7.678182374336779e-10
WLI,bf3,ours,early_fusion_wli,77,0.25487371495715266,0.15709858149392625,0.08704165934462996,0.09777513346322647,2.7221262171778517e-10,1.905488352024496e-09
WLI,bf5,ours,early_fusion_wli,77,0.33465367101589544,0.2243007436003281,0.10914556842403761,0.1103529274155672,1.2384158604466518e-09,7.43049516267991e-09
WLI,nsd3,ours,early_fusion_wli,77,0.25399166620234803,0.15645226524009015,0.08682800770565532,0.09753940096225792,2.3093499616940846e-10,1.8474799693552677e-09
WLI,hd95,ours,early_fusion_wli,77,64.6184238409507,78.28078542353241,-12.437291510773953,-13.66236158258169,1.3065488745490645e-05,3.919646623647194e-05
WLI,residual_area_frac,ours,early_fusion_wli,77,0.20469414610602982,0.2568270857089587,-0.03533302553397767,-0.05213293960292877,0.0010102381173472353,0.0020204762346944707
WLI,over_area_ratio,ours,early_fusion_wli,77,0.6925424844507098,0.9260443776096041,-0.15306334371754937,-0.23350189315889433,6.140750167828646e-06,2.4563000671314585e-05
WLI,residual_px,ours,early_fusion_wli,77,38.63414470332864,44.11412921917315,-4.834461740831053,-5.479984515844517,0.00347699709532465,0.00347699709532465
WLI,dice,oracle_noskip,wli_only,15,0.7639929797914292,0.7381852156586117,0.032295743624369155,0.02580776413281755,0.072998046875,
WLI,dice,oracle_skip,wli_only,15,0.81743985199266,0.7381852156586117,0.05951707561810826,0.07925463633404836,0.00262451171875,
WLI,dice,oracle_skip_shuffled,wli_only,15,0.7745597408877479,0.7381852156586117,0.023193756739298577,0.03637452522913613,0.0946044921875,
WLI,dice,pred_noskip,wli_only,15,0.7546453254090764,0.7381852156586117,0.021358231703440422,0.01646010975046459,0.207763671875,
WLI,dice,pred_skip,wli_only,15,0.741802968085188,0.7381852156586117,0.007783542076746697,0.0036177524265763447,0.5994873046875,
WLI,dice,pred_skip_shuffled,wli_only,15,0.7336377532960169,0.7381852156586117,-0.0363697781942402,-0.004547462362594834,0.42120361328125,
NBI,dice,early_fusion_nbi,nbi_only,77,0.7574723564994384,0.7870781730654006,-0.018466005722681755,-0.029605816565962183,0.0006629947277623037,0.00530395782209843
NBI,dice,ours,nbi_only,77,0.7965752474353059,0.7870781730654006,0.010226279497146606,0.009497074369905037,0.10805035389831785,0.5402517694915893
NBI,dice,mid_fusion,nbi_only,77,0.8036735057672286,0.7870781730654006,0.007478247086207146,0.016595332701827926,0.00654828610105246,0.04583800270736722
NBI,dice,mid_fusion_wide,nbi_only,77,0.8040727367747581,0.7870781730654006,0.006713256239891163,0.016994563709357317,0.02277166249675665,0.13662997498053991
NBI,dice,mmd_fusion_w1e-4,nbi_only,77,0.7979102153116975,0.7870781730654006,0.00562831262747443,0.010832042246296709,0.17278801846530933,0.5402517694915893
NBI,dice,mmd_fusion_w1.0,nbi_only,77,0.7717886353024193,0.7870781730654006,-0.004989951848983876,-0.01528953776298152,0.11257869583711624,0.5402517694915893
NBI,dice,mmd_fusion,nbi_only,77,0.7823821938079298,0.7870781730654006,0.0033326148986817516,-0.004695979257470958,0.6313549424797729,1.0
NBI,dice,mmd_fusion_w0.01,nbi_only,77,0.7882255813274001,0.7870781730654006,-0.0031069616476694373,0.0011474082619991328,0.7587012284736101,1.0
NBI,bf1,early_fusion_nbi,nbi_only,77,0.13628176284027624,0.16768260996833728,-0.0294389221712944,-0.03140084712806106,2.2004361979556085e-07,1.7603489583644868e-06
NBI,bf1,ours,nbi_only,77,0.19516167009134786,0.16768260996833728,0.01956530820370944,0.027479060123010508,3.0308074120126142e-05,0.00021215651884088298
NBI,bf1,mid_fusion,nbi_only,77,0.19043854041689823,0.16768260996833728,0.01293774306926268,0.022755930448560897,0.0002802236373597852,0.0016813418241587112
NBI,bf1,mid_fusion_wide,nbi_only,77,0.1886358838103492,0.16768260996833728,0.010130664781842769,0.020953273842011896,0.0011251907942317896,0.005625953971158948
NBI,bf1,mmd_fusion_w1e-4,nbi_only,77,0.1876858343579103,0.16768260996833728,0.007266170526851801,0.020003224389573002,0.00347699709532465,0.0139079883812986
NBI,bf1,mmd_fusion,nbi_only,77,0.1806225405345418,0.16768260996833728,0.0056815064111293695,0.012939930566204455,0.047395265871227055,0.14218579761368116
NBI,bf1,mmd_fusion_w0.01,nbi_only,77,0.18175677678404206,0.16768260996833728,0.005027472848084982,0.014074166815704755,0.06568286970873025,0.14218579761368116
NBI,bf1,mmd_fusion_w1.0,nbi_only,77,0.1693871494762556,0.16768260996833728,-0.0005446792051506388,0.001704539507918314,0.925162268978861,0.925162268978861
NBI,bf2,early_fusion_nbi,nbi_only,77,0.1893186927758467,0.2233481387444066,-0.029176200894393656,-0.03402944596855988,1.392100045886042e-06,9.744700321202295e-06
NBI,bf2,ours,nbi_only,77,0.2588994647171473,0.2233481387444066,0.026342180473951593,0.035551325972740744,7.305204108479787e-07,5.84416328678383e-06
NBI,bf2,mid_fusion,nbi_only,77,0.2521529746583352,0.2233481387444066,0.020318510004155854,0.02880483591392857,5.9764771483826536e-05,0.0003585886289029592
NBI,bf2,mid_fusion_wide,nbi_only,77,0.2499907370215623,0.2233481387444066,0.019588738114299037,0.026642598277155777,0.0001414828509774438,0.0005659314039097752
NBI,bf2,mmd_fusion_w1e-4,nbi_only,77,0.2518363614444392,0.2233481387444066,0.018757579478150654,0.028488222700032623,0.00010157396700489457,0.0005078698350244728
NBI,bf2,mmd_fusion,nbi_only,77,0.2423213979449393,0.2233481387444066,0.016495014773879504,0.01897325920053274,0.00402258686112562,0.012067760583376861
NBI,bf2,mmd_fusion_w0.01,nbi_only,77,0.24072938776924227,0.2233481387444066,0.009605558991113039,0.01738124902483572,0.03576997747449135,0.0715399549489827
NBI,bf2,mmd_fusion_w1.0,nbi_only,77,0.23038433179067444,0.2233481387444066,0.00591814483761241,0.007036193046267885,0.47247273040363125,0.47247273040363125
NBI,bf3,ours,nbi_only,77,0.31374213311039634,0.273134751004436,0.03196692292453568,0.04060738210596038,2.885434048690382e-07,2.3083472389523056e-06
NBI,bf3,mmd_fusion_w1e-4,nbi_only,77,0.3068848894597968,0.273134751004436,0.02955307050056666,0.03375013845536079,3.700235535102851e-05,0.0002220141321061711
NBI,bf3,early_fusion_nbi,nbi_only,77,0.2370140583487469,0.273134751004436,-0.027209762503494203,-0.03612069265568903,7.2592462070409256e-06,5.081472344928648e-05
NBI,bf3,mmd_fusion,nbi_only,77,0.2939291696025866,0.273134751004436,0.0251679139366153,0.020794418598150708,0.0026262792056481626,0.007878837616944488
NBI,bf3,mid_fusion_wide,nbi_only,77,0.30328429544660934,0.273134751004436,0.024529729382746,0.03014954444217331,0.0001998195081034323,0.0007992780324137292
NBI,bf3,mid_fusion,nbi_only,77,0.3059364296577318,0.273134751004436,0.024373869749867633,0.032801678653295835,4.411058250138597e-05,0.0002220141321061711
NBI,bf3,mmd_fusion_w1.0,nbi_only,77,0.28404346142302983,0.273134751004436,0.012684506748513957,0.010908710418593821,0.3567579968922123,0.3567579968922123
NBI,bf3,mmd_fusion_w0.01,nbi_only,77,0.29282577042053853,0.273134751004436,0.009577186276592306,0.019691019416102552,0.024012194576143786,0.04802438915228757
NBI,bf5,ours,nbi_only,77,0.3935834993212334,0.3513503100644426,0.04172539419615201,0.04223318925679073,2.611880916450128e-06,2.0895047331601023e-05
NBI,bf5,early_fusion_nbi,nbi_only,77,0.3102443634771539,0.3513503100644426,-0.03997479736128662,-0.04110594658728866,8.571057362214354e-06,5.9997401535500476e-05
NBI,bf5,mid_fusion,nbi_only,77,0.38530023447655737,0.3513503100644426,0.03290153717248889,0.033949924412114814,0.00015355312417765342,0.0009213187450659205
NBI,bf5,mmd_fusion_w1e-4,nbi_only,77,0.383773623579301,0.3513503100644426,0.026284390687534603,0.0324233135148584,0.0002253321647613338,0.001126660823806669
NBI,bf5,mid_fusion_wide,nbi_only,77,0.38079551409592743,0.3513503100644426,0.02383898242488608,0.02944520403148489,0.0007273564674180258,0.002909425869672103
NBI,bf5,mmd_fusion,nbi_only,77,0.3699287716514509,0.3513503100644426,0.01965574382577162,0.018578461587008273,0.027730223833557985,0.08319067150067395
NBI,bf5,mmd_fusion_w0.01,nbi_only,77,0.3688172955822177,0.3513503100644426,0.019152482808943105,0.017466985517775105,0.04854161799118279,0.09708323598236558
NBI,bf5,mmd_fusion_w1.0,nbi_only,77,0.36375674269080743,0.3513503100644426,0.010713244611371575,0.012406432626364778,0.33595919732887747,0.33595919732887747
NBI,nsd3,ours,nbi_only,77,0.31284140254856385,0.27240563311999727,0.03128782463579394,0.0404357694285665,2.589765160970065e-07,2.071812128776052e-06
NBI,nsd3,mmd_fusion_w1e-4,nbi_only,77,0.3060781160818869,0.27240563311999727,0.028281211647162713,0.033672482961889585,3.3127283393095784e-05,0.0001987637003585747
NBI,nsd3,early_fusion_nbi,nbi_only,77,0.2362303989645771,0.27240563311999727,-0.026506652028185543,-0.036175234155420184,6.140750167828646e-06,4.2985251174800525e-05
NBI,nsd3,mmd_fusion,nbi_only,77,0.2931888947618674,0.27240563311999727,0.024791860160544854,0.020783261641870023,0.002456010855965683,0.007368032567897049
NBI,nsd3,mid_fusion_wide,nbi_only,77,0.302600064641312,0.27240563311999727,0.02430491999874751,0.030194431521314624,0.00018434672832208328,0.0007373869132883331
NBI,nsd3,mid_fusion,nbi_only,77,0.30509228273978917,0.27240563311999727,0.02412795298422804,0.03268664961979193,4.813299698413994e-05,0.00024066498492069968
NBI,nsd3,mmd_fusion_w1.0,nbi_only,77,0.28333886390029056,0.27240563311999727,0.012565081967055858,0.01093323078029326,0.3488652226984179,0.3488652226984179
NBI,nsd3,mmd_fusion_w0.01,nbi_only,77,0.29203580785606115,0.27240563311999727,0.00971687535889458,0.019630174736063804,0.024980659751920428,0.049961319503840855
NBI,hd95,mmd_fusion,nbi_only,77,74.22905571071713,66.82265257033367,3.5966213521520416,7.406403140383464,0.024980659751920428,0.174864618263443
NBI,hd95,mid_fusion,nbi_only,77,63.183507866153874,66.82265257033367,-3.4189685908147567,-3.639144704179788,0.10152956702138094,0.5076478351069047
NBI,hd95,mmd_fusion_w1.0,nbi_only,77,76.27419002652607,66.82265257033367,2.8898645392590936,9.451537456192396,0.005609791478806221,0.044878331830449765
NBI,hd95,mmd_fusion_w1e-4,nbi_only,77,65.15344134083418,66.82265257033367,-2.738302084672924,-1.6692112294994805,0.1842581930614795,0.737032772245918
NBI,hd95,mid_fusion_wide,nbi_only,77,63.52691492144691,66.82265257033367,-2.3870397111389323,-3.2957376488867722,0.07513290151866707,0.4507974091120024
NBI,hd95,ours,nbi_only,77,65.79622387137877,66.82265257033367,-1.8522258738846062,-1.0264286989548987,0.21444300030975028,0.737032772245918
NBI,hd95,early_fusion_nbi,nbi_only,77,68.56778288399022,66.82265257033367,1.803311538672851,1.7451303136565373,0.362081849945621,0.737032772245918
NBI,hd95,mmd_fusion_w0.01,nbi_only,77,68.34095542063045,66.82265257033367,-0.2491655925971159,1.5183028502967777,0.9493935715989974,0.9493935715989974
NBI,residual_area_frac,early_fusion_nbi,nbi_only,77,0.18569154658982057,0.15586674840106815,0.016811153183839786,0.029824798188752406,0.006752120481785744,0.047264843372500205
NBI,residual_area_frac,ours,nbi_only,77,0.14266062306164906,0.15586674840106815,-0.014865569256602165,-0.013206125339419077,0.004358228338504156,0.034865826708033246
NBI,residual_area_frac,mid_fusion_wide,nbi_only,77,0.13688938098030493,0.15586674840106815,-0.014192405686496885,-0.018977367420763214,0.013125619237943281,0.07875371542765969
NBI,residual_area_frac,mmd_fusion,nbi_only,77,0.15791107119745998,0.15586674840106815,-0.010826377478159344,0.002044322796391866,0.44477262689086505,1.0
NBI,residual_area_frac,mmd_fusion_w0.01,nbi_only,77,0.15389737344809393,0.15586674840106815,-0.009538016454208542,-0.0019693749529742393,0.6241511907004293,1.0
NBI,residual_area_frac,mid_fusion,nbi_only,77,0.15084205867722608,0.15586674840106815,-0.009166807662364232,-0.005024689723842055,0.18763668748025986,0.7505467499210394
NBI,residual_area_frac,mmd_fusion_w1e-4,nbi_only,77,0.14544030971373145,0.15586674840106815,-0.008550960095399407,-0.010426438687336647,0.10584089237965094,0.5292044618982548
NBI,residual_area_frac,mmd_fusion_w1.0,nbi_only,77,0.15811737591180125,0.15586674840106815,-0.00372200990641422,0.002250627510733111,0.6715887913555041,1.0
NBI,over_area_ratio,mmd_fusion_w1.0,nbi_only,77,0.4067242905780214,0.31587830593256266,0.02215123838230451,0.09084598464545872,0.04409194669915914,0.30864362689411395
NBI,over_area_ratio,mid_fusion,nbi_only,77,0.3129590884558511,0.31587830593256266,-0.01974083368789452,-0.0029192174767116007,0.2851567348494145,1.0
NBI,over_area_ratio,early_fusion_nbi,nbi_only,77,0.4515534826459634,0.31587830593256266,0.018763968666693914,0.13567517671340076,0.007286876614327289,0.05829501291461831
NBI,over_area_ratio,mmd_fusion_w0.01,nbi_only,77,0.3556857991498942,0.31587830593256266,0.005885871526743594,0.03980749321733144,0.2377970090346455,1.0
NBI,over_area_ratio,mmd_fusion_w1e-4,nbi_only,77,0.328572038934683,0.31587830593256266,0.003012676853223928,0.012693733002120322,0.30386184242938974,1.0
NBI,over_area_ratio,mid_fusion_wide,nbi_only,77,0.3459411808014443,0.31587830593256266,-0.0018639714073128283,0.030062874868881644,0.8489917706799606,1.0
NBI,over_area_ratio,mmd_fusion,nbi_only,77,0.3537554149196027,0.31587830593256266,0.0015434182405119623,0.037877108987040005,0.2163235849751759,1.0
NBI,over_area_ratio,ours,nbi_only,77,0.372062322326544,0.31587830593256266,-0.0014383950807502072,0.056184016393981365,0.41511040459830273,1.0
NBI,residual_px,mid_fusion_wide,nbi_only,77,35.97199214824571,39.831276131496125,-3.9570385422032643,-3.859283983250417,0.0010102381173472353,0.008081904938777883
NBI,residual_px,early_fusion_nbi,nbi_only,77,44.694185596860905,39.831276131496125,2.7059031909376685,4.862909465364777,0.013313729051729247,0.09319610336210474
NBI,residual_px,mmd_fusion_w1e-4,nbi_only,77,36.51445055510655,39.831276131496125,-2.0819508555349984,-3.316825576389575,0.02277166249675665,0.11385831248378325
NBI,residual_px,ours,nbi_only,77,38.191477182681375,39.831276131496125,-2.022495467048955,-1.639798948814758,0.015116830976769472,0.09319610336210474
NBI,residual_px,mid_fusion,nbi_only,77,38.61092501605354,39.831276131496125,-1.508395572589718,-1.220351115442583,0.20340670501862002,0.8136268200744801
NBI,residual_px,mmd_fusion_w0.01,nbi_only,77,38.532907338802374,39.831276131496125,-1.4300543390807476,-1.2983687926937484,0.2967540624839904,0.8902621874519712
NBI,residual_px,mmd_fusion,nbi_only,77,40.19071031131575,39.831276131496125,-0.7995134110455968,0.3594341798196272,0.39224497348975795,0.8902621874519712
NBI,residual_px,mmd_fusion_w1.0,nbi_only,77,40.03502173962276,39.831276131496125,-0.7444141116538248,0.20374560812663167,0.6458674257060324,0.8902621874519712
NBI,dice,ours,early_fusion_nbi,77,0.7965752474353059,0.7574723564994384,0.033779094616572136,0.039102890935867225,1.2251903737829348e-06,6.125951868914674e-06
NBI,bf1,ours,early_fusion_nbi,77,0.19516167009134786,0.13628176284027624,0.04259810056941024,0.05887990725107157,4.2995575674400547e-10,3.0096902972080382e-09
NBI,bf2,ours,early_fusion_nbi,77,0.2588994647171473,0.1893186927758467,0.0639996192146543,0.06958077194130065,8.456190580540596e-10,5.0737143483243575e-09
NBI,bf3,ours,early_fusion_nbi,77,0.31374213311039634,0.2370140583487469,0.07264541105169375,0.07672807476164939,2.466550486292913e-10,2.2198954376636214e-09
NBI,bf5,ours,early_fusion_nbi,77,0.3935834993212334,0.3102443634771539,0.08616413395294187,0.08333913584407937,1.5522729909537024e-10,1.5522729909537024e-09
NBI,nsd3,ours,early_fusion_nbi,77,0.31284140254856385,0.2362303989645771,0.07285370890718532,0.07661100358398669,2.812931173827528e-10,2.2503449390620223e-09
NBI,hd95,ours,early_fusion_nbi,77,65.79622387137877,68.56778288399022,-1.3389547014588103,-2.771559012611436,0.08847637565684377,0.08847637565684377
NBI,residual_area_frac,ours,early_fusion_nbi,77,0.14266062306164906,0.18569154658982057,-0.04006760833527001,-0.043030923528171484,1.1905279172812751e-05,4.7621116691251006e-05
NBI,over_area_ratio,ours,early_fusion_nbi,77,0.372062322326544,0.4515534826459634,-0.006376259304749934,-0.0794911603194194,0.021015341484173142,0.042030682968346285
NBI,residual_px,ours,early_fusion_nbi,77,38.191477182681375,44.694185596860905,-6.140362416141599,-6.502708414179535,5.137546610267333e-05,0.00015412639830802
NBI,dice,oracle_noskip,nbi_only,15,0.7954623493895663,0.7903608305597222,0.009652048349380382,0.005101518829844036,0.33026123046875,
NBI,dice,oracle_skip,nbi_only,15,0.8224297791729999,0.7903608305597222,0.021022876103719,0.03206894861327771,0.02557373046875,
NBI,dice,oracle_skip_shuffled,nbi_only,15,0.787287363575749,0.7903608305597222,-0.011940379937489976,-0.0030734669839730723,0.359130859375,
NBI,dice,pred_noskip,nbi_only,15,0.7864534871454524,0.7903608305597222,0.002416829268137466,-0.003907343414269682,0.846923828125,
NBI,dice,pred_skip,nbi_only,15,0.792882459305962,0.7903608305597222,-0.0002909203370412561,0.0025216287462397086,0.97796630859375,
NBI,dice,pred_skip_shuffled,nbi_only,15,0.781306277050643,0.7903608305597222,-0.016944408416748047,-0.009054553509079029,0.389404296875,
